city,ja,population,place,dist_km,segment,km_along,seg_from,seg_to,lat,lon
Tokyo,東京都,13613660,city,0.1,tokyo--kamakura#pacific,0.6,tokyo,kamakura,35.6769,139.7639
Yokohama,横浜市,3777491,city,0.3,tokyo--kamakura#pacific,36.0,tokyo,kamakura,35.4503,139.6344
Osaka,大阪市,2691185,city,0.1,wakayama--osaka#pacific,73.3,wakayama,osaka,34.6938,135.5015
Nagoya,名古屋市,2236000,city,2.2,toyohashi--nagoya#pacific,75.6,toyohashi,nagoya,35.1851,136.8998
Sapporo,札幌市,1973395,city,12.4,atsuta--otaru,42.9,atsuta,otaru,43.0619,141.3543
Kawasaki,川崎市,1538262,city,1.1,tokyo--kamakura#pacific,23.0,tokyo,kamakura,35.5307,139.7038
Kobe,神戸市,1537272,city,0.5,osaka--kobe,30.7,osaka,kobe,34.6932,135.1944
Kyoto,京都市,1475183,city,5.4,otsu--osaka,5.6,otsu,osaka,35.0116,135.7681
Hiroshima,広島市,1200754,city,0.6,hiroshima--iwakuni,2.3,hiroshima,iwakuni,34.3917,132.4518
Saitama,さいたま市,1182115,city,21.8,tsukuba--tokyo#pacific,43.6,tsukuba,tokyo,35.8616,139.6456
Sendai,仙台市,1094395,city,0.9,sendai--yamagata#crossover,1.9,sendai,yamagata,38.2678,140.8691
Setagaya,世田谷区,943664,city,6.9,tokyo--kamakura#pacific,9.7,tokyo,kamakura,35.6469,139.6525
Kitakyushu,北九州市,939029,city,2.4,moji--nakatsu,10.2,moji,nakatsu,33.883,130.8749
Sakai,堺市,839310,city,1.4,wakayama--osaka#pacific,59.3,wakayama,osaka,34.5737,135.4829
Niigata,新潟市,811639,city,0.6,niigata--nagaoka#highland,3.0,niigata,nagaoka,37.9164,139.0365
Hamamatsu,浜松市,797033,city,0.8,hamamatsu--toyohashi#pacific,1.2,hamamatsu,toyohashi,34.711,137.7259
Ota,大田区,748081,city,0.5,tokyo--kamakura#pacific,17.8,tokyo,kamakura,35.5612,139.7158
Nerima,練馬区,733150,city,11.7,tokyo--kamakura#pacific,0.8,tokyo,kamakura,35.7358,139.6521
Okayama,岡山市,719474,city,1.1,himeji--okayama,85.5,himeji,okayama,34.6554,133.9195
Shizuoka,静岡市,706287,city,0.4,numazu--shizuoka#pacific,55.1,numazu,shizuoka,34.9752,138.3832
Adachi,足立区,695043,city,4.9,tsukuba--tokyo#pacific,58.5,tsukuba,tokyo,35.7746,139.8045
Edogawa,江戸川区,691417,city,4.3,tsukuba--tokyo#pacific,57.5,tsukuba,tokyo,35.7066,139.8687
Funabashi,船橋市,633263,city,11.4,tsukuba--tokyo#pacific,53.7,tsukuba,tokyo,35.6946,139.9825
Kawaguchi,川口市,578112,city,12.6,tsukuba--tokyo#pacific,60.2,tsukuba,tokyo,35.8078,139.7241
Itabashi,板橋区,575432,city,8.8,tsukuba--tokyo#pacific,68.3,tsukuba,tokyo,35.7513,139.7088
Suginami,杉並区,540180,city,11.1,tokyo--kamakura#pacific,6.7,tokyo,kamakura,35.6995,139.6363
Himeji,姫路市,535571,city,1.1,himeji--okayama,0.6,himeji,okayama,34.8154,134.6855
Koto,江東区,524310,city,3.7,tsukuba--tokyo#pacific,64.0,tsukuba,tokyo,35.6728,139.817
Matsuyama,松山市,511192,city,0.2,matsuyama--uwajima#shikoku-south,0.0,matsuyama,uwajima,33.8395,132.7654
Higashiosaka,東大阪市,498099,city,7.0,otsu--osaka,51.8,otsu,osaka,34.6794,135.6009
Ichikawa,市川市,496676,city,6.0,tsukuba--tokyo#pacific,53.7,tsukuba,tokyo,35.7216,139.9321
Nishinomiya,西宮市,488398,city,0.4,osaka--kobe,16.3,osaka,kobe,34.7378,135.3413
Matsudo,松戸市,483480,city,1.4,tsukuba--tokyo#pacific,50.3,tsukuba,tokyo,35.7873,139.9049
Kurashiki,倉敷市,477118,city,7.6,okayama--fukuyama,21.0,okayama,fukuyama,34.5851,133.772
Oita,大分市,475614,city,1.2,beppu--usuki,12.9,beppu,usuki,33.2394,131.6097
Kanazawa,金沢市,465699,city,1.1,kanazawa--tojinbo,1.1,kanazawa,tojinbo,36.5616,136.6569
Fukuyama,福山市,460930,city,2.0,fukuyama--onomichi,0.0,fukuyama,onomichi,34.4857,133.3623
Amagasaki,尼崎市,459593,city,1.1,osaka--kobe,10.3,osaka,kobe,34.734,135.4064
Katsushika,葛飾区,451483,city,0.1,tsukuba--tokyo#pacific,57.9,tsukuba,tokyo,35.7434,139.8473
Fujisawa,藤沢市,436905,city,3.0,kamakura--odawara#pacific,9.1,kamakura,odawara,35.3389,139.4909
Machida,町田市,433720,city,19.2,tokyo--kamakura#pacific,32.5,tokyo,kamakura,35.5467,139.4387
Toyota,豊田市,425738,city,10.7,toyohashi--nagoya#pacific,42.2,toyohashi,nagoya,35.0835,137.1567
Shinagawa,品川区,422488,city,1.0,tokyo--kamakura#pacific,11.0,tokyo,kamakura,35.6092,139.7302
Kashiwa,柏市,422385,city,0.6,tsukuba--tokyo#pacific,32.4,tsukuba,tokyo,35.8676,139.9757
Toyama,富山市,421259,city,5.6,uozu--himi,22.2,uozu,himi,36.6958,137.2136
Hirakata,枚方市,402005,city,0.8,otsu--osaka,31.9,otsu,osaka,34.8144,135.6507
Miyazaki,宮崎市,401339,city,0.2,miyazaki--nichinan,0.0,miyazaki,nichinan,31.9076,131.4204
Toyonaka,豊中市,397490,city,7.6,otsu--osaka,48.2,otsu,osaka,34.7812,135.4699
Yokosuka,横須賀市,388078,city,11.6,tokyo--kamakura#pacific,57.3,tokyo,kamakura,35.2815,139.672
Okazaki,岡崎市,385221,city,0.5,toyohashi--nagoya#pacific,32.9,toyohashi,nagoya,34.9549,137.1728
Ichinomiya,一宮市,380672,city,16.3,nagoya--ise#pacific,7.7,nagoya,ise,35.3049,136.8069
Suita,吹田市,379246,city,3.5,otsu--osaka,47.1,otsu,osaka,34.7594,135.5168
Toyohashi,豊橋市,373811,city,1.2,toyohashi--nagoya#pacific,0.0,toyohashi,nagoya,34.7691,137.3915
Nagano,長野市,372760,city,0.3,yuzawa--nagano#highland,119.8,yuzawa,nagano,36.6486,138.1948
Nara,奈良市,364968,city,20.5,otsu--osaka,36.5,otsu,osaka,34.6845,135.8048
Wakayama,和歌山市,364154,city,0.5,wakayama--osaka#pacific,1.3,wakayama,osaka,34.2343,135.1784
Takatsuki,高槻市,353881,city,3.3,otsu--osaka,30.1,otsu,osaka,34.8465,135.6172
Kita,北区,349573,city,7.4,tsukuba--tokyo#pacific,67.0,tsukuba,tokyo,35.7529,139.7338
Shinjuku,新宿区,349385,city,5.4,tokyo--kamakura#pacific,1.6,tokyo,kamakura,35.6938,139.7036
Iwaki,いわき市,346442,city,0.5,iwaki--mito#pacific,1.2,iwaki,mito,37.0504,140.8876
Koshigaya,越谷市,342486,city,9.8,tsukuba--tokyo#pacific,40.4,tsukuba,tokyo,35.8913,139.7915
Otsu,大津市,340973,city,0.3,tsuruga--otsu#direct,88.7,tsuruga,otsu,35.0178,135.8548
Nakano,中野区,336639,city,9.4,tokyo--kamakura#pacific,1.8,tokyo,kamakura,35.7086,139.6629
Akita,秋田市,307672,city,0.9,noshiro--akita,58.8,noshiro,akita,39.7198,140.1035
Yokkaichi,四日市市,307220,city,0.9,nagoya--ise#pacific,46.7,nagoya,ise,34.9648,136.6248
Kasugai,春日井市,300099,city,11.8,toyohashi--nagoya#pacific,75.6,toyohashi,nagoya,35.2476,136.9722
Toshima,豊島区,298562,city,6.3,tsukuba--tokyo#pacific,68.3,tsukuba,tokyo,35.7259,139.7166
Akashi,明石市,295908,city,1.0,kobe--himeji,19.2,kobe,himeji,34.6483,134.9932
Meguro,目黒区,288088,city,3.0,tokyo--kamakura#pacific,9.3,tokyo,kamakura,35.6408,139.6985
Ibaraki,茨木市,287730,city,4.8,otsu--osaka,35.3,otsu,osaka,34.8161,135.5686
Nagaoka,長岡市,282829,city,0.1,nagaoka--yuzawa#highland,0.3,nagaoka,yuzawa,37.447,138.8512
Tsu,津市,279886,city,0.0,nagoya--ise#pacific,77.6,nagoya,ise,34.7342,136.5153
Aomori,青森市,275192,city,0.6,aomori--hachinohe#pacific,0.7,aomori,hachinohe,40.8223,140.7472
Sumida,墨田区,272085,city,0.5,tsukuba--tokyo#pacific,63.4,tsukuba,tokyo,35.7104,139.8017
Mito,水戸市,270775,city,0.5,mito--tsukuba#pacific,1.1,mito,tsukuba,36.3659,140.4732
Yao,八尾市,267581,city,9.2,wakayama--osaka#pacific,67.3,wakayama,osaka,34.6269,135.6009
Fukui,福井市,267428,city,0.8,tojinbo--fukui,22.2,tojinbo,fukui,36.0618,136.2261
Kakogawa,加古川市,265055,city,1.7,kobe--himeji,38.4,kobe,himeji,34.757,134.8412
Fuchu,府中市,261991,city,22.5,tokyo--kamakura#pacific,10.2,tokyo,kamakura,35.6694,139.4774
Hiratsuka,平塚市,258422,city,2.1,kamakura--odawara#pacific,20.7,kamakura,odawara,35.3351,139.3494
Shimonoseki,下関市,255051,city,0.1,hagi--shimonoseki#sanin,91.4,hagi,shimonoseki,33.9577,130.9415
Minato,港区,254699,city,0.1,tokyo--kamakura#pacific,3.3,tokyo,kamakura,35.658,139.7515
Hakodate,函館市,251084,city,0.5,yakumo--hakodate,79.2,yakumo,hakodate,41.7688,140.729
Soka,草加市,249455,city,7.2,tsukuba--tokyo#pacific,45.1,tsukuba,tokyo,35.8262,139.8062
Yamagata,山形市,247590,city,0.3,sendai--yamagata#crossover,72.2,sendai,yamagata,38.2553,140.34
Fuji,富士市,245392,city,0.1,fujinomiya--numazu#highland,9.3,fujinomiya,numazu,35.1619,138.6764
Chigasaki,茅ヶ崎市,242389,city,1.2,kamakura--odawara#pacific,15.2,kamakura,odawara,35.3295,139.4054
Tsukuba,つくば市,234455,city,2.2,tsukuba--tokyo#pacific,1.8,tsukuba,tokyo,36.0833,140.0773
Neyagawa,寝屋川市,233883,city,2.5,otsu--osaka,37.6,otsu,osaka,34.7661,135.6279
Yamato,大和市,232922,city,14.4,tokyo--kamakura#pacific,43.7,tokyo,kamakura,35.4875,139.4579
Kasukabe,春日部市,232709,city,17.9,tsukuba--tokyo#pacific,40.4,tsukuba,tokyo,35.9758,139.752
Chofu,調布市,232573,city,16.5,tokyo--kamakura#pacific,10.2,tokyo,kamakura,35.6506,139.5407
Shibuya,渋谷区,230707,city,4.3,tokyo--kamakura#pacific,6.7,tokyo,kamakura,35.6637,139.6977
Bunkyo,文京区,227902,city,2.6,tsukuba--tokyo#pacific,68.3,tsukuba,tokyo,35.708,139.7523
Matsumoto,松本市,227579,city,0.4,nagano--matsumoto#highland,76.4,nagano,matsumoto,36.2382,137.9687
Takarazuka,宝塚市,225396,city,6.9,osaka--kobe,16.3,osaka,kobe,34.8005,135.3609
Atsugi,厚木市,223705,city,13.7,kamakura--odawara#pacific,18.1,kamakura,odawara,35.443,139.3625
Hachinohe,八戸市,223415,city,1.3,hachinohe--kuji#pacific,5.5,hachinohe,kuji,40.5122,141.4883
Arakawa,荒川区,216232,city,3.8,tsukuba--tokyo#pacific,65.3,tsukuba,tokyo,35.7375,139.7813
Kure,呉市,214592,city,0.1,onomichi--kure#mainland,73.4,onomichi,kure,34.2484,132.5652
Taito,台東区,203893,city,1.4,tsukuba--tokyo#pacific,65.6,tsukuba,tokyo,35.7126,139.7801
Matsue,松江市,203616,city,0.2,matsue--izumo#sanin,1.7,matsue,izumo,35.4681,133.0488
Nishitokyo,西東京市,202435,city,20.1,tokyo--kamakura#pacific,6.8,tokyo,kamakura,35.7261,139.538
Yachiyo,八千代市,199498,city,19.9,tsukuba--tokyo#pacific,50.6,tsukuba,tokyo,35.7225,140.0995
Itami,伊丹市,196982,city,6.2,osaka--kobe,12.7,osaka,kobe,34.7845,135.4004
Suzuka,鈴鹿市,196853,city,0.6,nagoya--ise#pacific,58.2,nagoya,ise,34.8817,136.5837
Higashihiroshima,東広島市,196608,city,4.1,onomichi--kure#mainland,43.5,onomichi,kure,34.4272,132.7416
Numazu,沼津市,195633,city,0.6,odawara--numazu#pacific,47.6,odawara,numazu,35.0958,138.8634
Yamaguchi,山口市,193966,city,11.1,hofu--shimonoseki,12.9,hofu,shimonoseki,34.1781,131.4737
Tottori,鳥取市,193717,city,0.1,miyazu--tottori#sanin,148.2,miyazu,tottori,35.4944,134.2219
Kofu,甲府市,193125,city,0.2,kofu--fujinomiya#highland,0.2,kofu,fujinomiya,35.6652,138.571
Kishiwada,岸和田市,192637,city,0.5,wakayama--osaka#pacific,43.0,wakayama,osaka,34.4644,135.3852
Kodaira,小平市,191406,city,24.9,tokyo--kamakura#pacific,9.7,tokyo,kamakura,35.7252,139.4766
Hitachi,日立市,189958,city,1.2,iwaki--mito#pacific,70.7,iwaki,mito,36.5991,140.6505
Mitaka,三鷹市,189577,city,16.2,tokyo--kamakura#pacific,10.2,tokyo,kamakura,35.6834,139.5592
Odawara,小田原市,188856,city,0.9,kamakura--odawara#pacific,40.9,kamakura,odawara,35.2645,139.1522
Joetsu,上越市,188047,city,2.8,kashiwazaki--itoigawa,39.9,kashiwazaki,itoigawa,37.1479,138.236
Nagareyama,流山市,186863,city,0.9,tsukuba--tokyo#pacific,39.1,tsukuba,tokyo,35.8556,139.9028
Anjo,安城市,186468,city,5.6,toyohashi--nagoya#pacific,40.4,toyohashi,nagoya,34.9478,137.0756
Izumi,和泉市,185440,city,2.5,wakayama--osaka#pacific,45.9,wakayama,osaka,34.4832,135.4232
Uji,宇治市,184678,city,5.1,otsu--osaka,15.5,otsu,osaka,34.8851,135.7996
Toyokawa,豊川市,183262,city,2.9,toyohashi--nagoya#pacific,7.3,toyohashi,nagoya,34.8276,137.3786
Narashino,習志野市,176197,city,15.5,tsukuba--tokyo#pacific,53.7,tsukuba,tokyo,35.6817,140.0272
Takaoka,高岡市,174389,city,7.2,uozu--himi,36.9,uozu,himi,36.7362,137.0187
Izumo,出雲市,172775,city,0.2,matsue--izumo#sanin,41.3,matsue,izumo,35.3669,132.7549
Kamakura,鎌倉市,172710,city,0.1,kamakura--odawara#pacific,0.6,kamakura,odawara,35.3193,139.547
Nishio,西尾市,169352,city,16.0,toyohashi--nagoya#pacific,28.5,toyohashi,nagoya,34.8225,137.0696
Hirosaki,弘前市,168466,city,13.5,aomori--fukaura,26.5,aomori,fukaura,40.6031,140.464
Hadano,秦野市,167378,city,9.2,kamakura--odawara#pacific,28.9,kamakura,odawara,35.3747,139.22
Iwata,磐田市,166426,city,5.8,shizuoka--hamamatsu#pacific,88.9,shizuoka,hamamatsu,34.7178,137.8515
Niiza,新座市,164024,city,21.7,tsukuba--tokyo#pacific,68.3,tsukuba,tokyo,35.7931,139.5657
Urayasu,浦安市,164024,city,10.3,tsukuba--tokyo#pacific,64.0,tsukuba,tokyo,35.6539,139.9026
Ube,宇部市,162570,city,3.3,hofu--shimonoseki,37.9,hofu,shimonoseki,33.9518,131.2472
Matsusaka,松阪市,161703,city,0.4,nagoya--ise#pacific,96.8,nagoya,ise,34.5779,136.5276
Miyakonojo,都城市,160640,city,23.6,miyazaki--nichinan,30.6,miyazaki,nichinan,31.7196,131.0612
Ogaki,大垣市,159595,city,24.2,nagoya--ise#pacific,21.7,nagoya,ise,35.3596,136.6129
Chuo,中央区,158508,city,1.1,tokyo--kamakura#pacific,0.6,tokyo,kamakura,35.6706,139.772
Ueda,上田市,156980,city,15.5,nagano--matsumoto#highland,26.2,nagano,matsumoto,36.4021,138.2491
Hitachinaka,ひたちなか市,155970,city,1.0,iwaki--mito#pacific,99.0,iwaki,mito,36.3961,140.5353
Kawanishi,川西市,155206,city,11.5,osaka--kobe,12.7,osaka,kobe,34.8302,135.4172
Noda,野田市,152638,city,10.2,tsukuba--tokyo#pacific,39.8,tsukuba,tokyo,35.9549,139.8749
Imabari,今治市,151672,city,0.3,onomichi--imabari,57.6,onomichi,imabari,34.0658,132.9977
Kariya,刈谷市,151429,city,6.8,toyohashi--nagoya#pacific,47.7,toyohashi,nagoya,34.9747,137.0028
Komaki,小牧市,149023,city,15.9,toyohashi--nagoya#pacific,75.6,toyohashi,nagoya,35.3066,136.9341
Yonago,米子市,147317,city,0.6,tottori--yonago#sanin,101.2,tottori,yonago,35.4276,133.3315
Tama,多摩市,144348,city,24.2,tokyo--kamakura#pacific,19.5,tokyo,kamakura,35.6372,139.4461
Fujieda,藤枝市,143227,city,4.2,shizuoka--hamamatsu#pacific,15.6,shizuoka,hamamatsu,34.8674,138.2577
Moriguchi,守口市,142487,city,0.5,otsu--osaka,44.6,otsu,osaka,34.7358,135.5617
Asaka,朝霞市,141083,city,19.8,tsukuba--tokyo#pacific,68.3,tsukuba,tokyo,35.7971,139.5937
Musashino,武蔵野市,140162,city,17.5,tokyo--kamakura#pacific,6.8,tokyo,kamakura,35.7177,139.566
Kuwana,桑名市,140051,city,0.3,nagoya--ise#pacific,32.6,nagoya,ise,35.0666,136.6843
Misato,三郷市,139903,city,1.2,tsukuba--tokyo#pacific,44.9,tsukuba,tokyo,35.829,139.8727
Tsuchiura,土浦市,139261,city,5.4,mito--tsukuba#pacific,46.1,mito,tsukuba,36.0786,140.2046
Shunan,周南市,137540,city,0.5,yanai--hofu,36.2,yanai,hofu,34.0551,131.8064
Yaizu,焼津市,137453,city,0.2,shizuoka--hamamatsu#pacific,21.8,shizuoka,hamamatsu,34.8672,138.3228
Kusatsu,草津市,137247,city,8.6,tsuruga--otsu,99.0,tsuruga,otsu,35.0132,135.9599
Inazawa,稲沢市,136285,city,9.5,nagoya--ise#pacific,11.8,nagoya,ise,35.2405,136.759
Toda,戸田市,136150,city,16.2,tsukuba--tokyo#pacific,67.0,tsukuba,tokyo,35.8176,139.6779
Minoh,箕面市,135765,city,11.8,otsu--osaka,43.2,otsu,osaka,34.827,135.4705
Ishinomaki,石巻市,131396,city,23.0,kesennuma--sendai#pacific,90.1,kesennuma,sendai,38.4341,141.3028
Onomichi,尾道市,131170,city,0.2,fukuyama--onomichi,16.6,fukuyama,onomichi,34.4089,133.2052
Abiko,我孫子市,130977,city,4.1,tsukuba--tokyo#pacific,29.5,tsukuba,tokyo,35.864,140.0281
Ebina,海老名市,130678,city,14.1,kamakura--odawara#pacific,18.1,kamakura,odawara,35.4464,139.3906
Iwakuni,岩国市,129125,city,0.4,iwakuni--yanai,0.6,iwakuni,yanai,34.1665,132.2191
Zama,座間市,128737,city,17.9,tokyo--kamakura#pacific,49.0,tokyo,kamakura,35.4887,139.4077
Seto,瀬戸市,128374,city,17.7,toyohashi--nagoya#pacific,71.6,toyohashi,nagoya,35.2239,137.084
Fujinomiya,富士宮市,128105,city,0.2,fujinomiya--numazu#highland,0.5,fujinomiya,numazu,35.2221,138.6215
Ise,伊勢市,125934,city,0.2,ise--owase#pacific,0.4,ise,owase,34.4876,136.7092
Koganei,小金井市,122977,city,21.1,tokyo--kamakura#pacific,9.7,tokyo,kamakura,35.7041,139.5107
Tsuruoka,鶴岡市,122347,city,0.0,yamagata--tsuruoka#crossover,98.8,yamagata,tsuruoka,38.7272,139.8266
Kadoma,門真市,121936,city,2.1,otsu--osaka,41.5,otsu,osaka,34.7395,135.5869
Daito,大東市,121609,city,6.4,otsu--osaka,40.9,otsu,osaka,34.712,135.6235
Osaki,大崎市,121107,city,9.8,kesennuma--sendai#pacific,79.2,kesennuma,sendai,38.5777,140.9557
Ebetsu,江別市,121056,city,21.6,atsuta--otaru,29.6,atsuta,otaru,43.1037,141.5359
Matsubara,松原市,119543,city,6.5,wakayama--osaka#pacific,63.1,wakayama,osaka,34.5781,135.5518
Ikoma,生駒市,119358,city,12.7,otsu--osaka,40.9,otsu,osaka,34.6915,135.6962
Nobeoka,延岡市,118394,city,0.0,saiki--nobeoka#shikoku-south,85.4,saiki,nobeoka,32.5823,131.6649
Handa,半田市,117285,city,17.4,toyohashi--nagoya#pacific,45.8,toyohashi,nagoya,34.8938,136.937
Higashikurume,東久留米市,116566,city,23.1,tokyo--kamakura#pacific,6.8,tokyo,kamakura,35.7525,139.5191
Nagahama,長浜市,115712,city,17.7,tsuruga--otsu,23.7,tsuruga,otsu,35.3809,136.2785
Beppu,別府市,115321,city,0.7,beppu--usuki,1.2,beppu,usuki,33.2846,131.4913
Kakegawa,掛川市,114602,city,11.6,shizuoka--hamamatsu#pacific,78.2,shizuoka,hamamatsu,34.7688,137.9986
Hatsukaichi,廿日市市,114173,city,0.3,hiroshima--iwakuni,14.3,hiroshima,iwakuni,34.3485,132.3318
Hofu,防府市,113979,city,0.1,hofu--shimonoseki,0.5,hofu,shimonoseki,34.0517,131.5629
Hikone,彦根市,113468,city,17.6,tsuruga--otsu,54.4,tsuruga,otsu,35.2744,136.2597
Tokai,東海市,113015,city,7.4,toyohashi--nagoya#pacific,60.4,toyohashi,nagoya,35.0229,136.9024
Sanda,三田市,112691,city,18.6,osaka--kobe,19.5,osaka,kobe,34.8899,135.2252
Tondabayashi,富田林市,112035,city,14.5,wakayama--osaka#pacific,59.4,wakayama,osaka,34.4998,135.5973
Ichinoseki,一関市,111932,city,16.5,kesennuma--sendai#pacific,38.5,kesennuma,sendai,38.9347,141.1266
Otaru,小樽市,111299,city,1.0,otaru--suttsu#coast,0.0,otaru,suttsu,43.1907,140.9946
Habikino,羽曳野市,111221,city,11.8,wakayama--osaka#pacific,63.1,wakayama,osaka,34.5582,135.6062
Hakusan,白山市,110408,city,4.1,kanazawa--tojinbo,12.9,kanazawa,tojinbo,36.5144,136.5658
Kamagaya,鎌ケ谷市,109932,city,9.9,tsukuba--tokyo#pacific,50.6,tsukuba,tokyo,35.7766,140.0007
Mishima,三島市,107783,city,2.0,odawara--numazu#pacific,42.4,odawara,numazu,35.1185,138.9184
Komatsu,小松市,106919,city,3.1,kanazawa--tojinbo,30.2,kanazawa,tojinbo,36.4033,136.4495
Saijo,西条市,104791,city,23.0,onomichi--imabari,57.6,onomichi,imabari,33.9194,133.1813
Kawachinagano,河内長野市,104713,city,14.1,wakayama--osaka#pacific,51.5,wakayama,osaka,34.4576,135.5643
Toride,取手市,104524,city,3.0,tsukuba--tokyo#pacific,23.4,tsukuba,tokyo,35.9112,140.05
Ikeda,池田市,103993,city,10.9,osaka--kobe,11.4,osaka,kobe,34.8217,135.4284
Mihara,三原市,103162,city,0.1,onomichi--kure#mainland,12.2,onomichi,kure,34.3974,133.0785
Isehara,伊勢原市,101514,city,10.0,kamakura--odawara#pacific,22.0,kamakura,odawara,35.4031,139.315
Shibata,新発田市,101202,city,3.3,murakami--niigata,33.5,murakami,niigata,37.9479,139.3272
Kanoya,鹿屋市,101096,city,0.1,kanoya--nejime,0.0,kanoya,nejime,31.378,130.8525
Izumisano,泉佐野市,100567,city,2.0,wakayama--osaka#pacific,34.1,wakayama,osaka,34.3946,135.3227
Sakata,酒田市,100273,city,6.9,sakata--tsuruoka,1.5,sakata,tsuruoka,38.9147,139.8364
Konan,江南市,98359,city,19.6,toyohashi--nagoya#pacific,75.6,toyohashi,nagoya,35.3445,136.8667
Inzai,印西市,96640,city,14.7,tsukuba--tokyo#pacific,27.8,tsukuba,tokyo,35.8323,140.1453
Shimada,島田市,96478,city,8.1,shizuoka--hamamatsu#pacific,34.7,shizuoka,hamamatsu,34.8361,138.1769
Ashiya,芦屋市,94930,city,0.8,osaka--kobe,20.0,osaka,kobe,34.7274,135.304
Azumino,安曇野市,94871,city,2.4,nagano--matsumoto#highland,67.6,nagano,matsumoto,36.3044,137.9055
Sanjo,三条市,94642,city,2.1,niigata--nagaoka#highland,35.2,niigata,nagaoka,37.6361,138.9614
Inagi,稲城市,93151,city,19.4,tokyo--kamakura#pacific,11.3,tokyo,kamakura,35.638,139.5047
Kashiwazaki,柏崎市,92947,city,0.1,kashiwazaki--itoigawa,0.0,kashiwazaki,itoigawa,37.3719,138.5591
Obu,大府市,92902,city,5.5,toyohashi--nagoya#pacific,56.0,toyohashi,nagoya,35.0166,136.9545
Imizu,射水市,92888,city,5.9,uozu--himi,33.6,uozu,himi,36.7305,137.0754
Sakai,坂井市,90280,city,3.7,tojinbo--fukui,10.4,tojinbo,fukui,36.1677,136.2263
Nisshin,日進市,90062,city,9.3,toyohashi--nagoya#pacific,57.1,toyohashi,nagoya,35.1319,137.0393
Yashio,八潮市,90017,city,4.3,tsukuba--tokyo#pacific,45.2,tsukuba,tokyo,35.8226,139.8387
Takasago,高砂市,89728,city,0.6,kobe--himeji,42.9,kobe,himeji,34.7661,134.7907
Yamatokōriyama,大和郡山市,89609,city,21.5,otsu--osaka,37.1,otsu,osaka,34.6496,135.7829
Kaizuka,貝塚市,87493,city,0.8,wakayama--osaka#pacific,39.0,wakayama,osaka,34.4375,135.3582
Ama,あま市,87350,city,4.0,nagoya--ise#pacific,7.7,nagoya,ise,35.1914,136.7935
Gotemba,御殿場市,86614,city,20.4,odawara--numazu#pacific,1.9,odawara,numazu,35.3088,138.9349
Fukuroi,袋井市,86532,city,8.3,shizuoka--hamamatsu#pacific,86.2,shizuoka,hamamatsu,34.7501,137.9247
Kameoka,亀岡市,86174,city,17.6,otsu--osaka,23.7,otsu,osaka,35.0134,135.5734
Kitanagoya,北名古屋市,85369,city,8.7,toyohashi--nagoya#pacific,75.6,toyohashi,nagoya,35.2457,136.8664
Echizen,越前市,84936,city,0.5,fukui--tsuruga,18.6,fukui,tsuruga,35.9038,136.1693
Settsu,摂津市,84727,city,2.7,otsu--osaka,41.5,otsu,osaka,34.7773,135.5617
Chita,知多市,84428,city,14.3,toyohashi--nagoya#pacific,60.2,toyohashi,nagoya,34.9701,136.8607
Ushiku,牛久市,84317,city,8.2,tsukuba--tokyo#pacific,14.2,tsukuba,tokyo,35.9791,140.1496
Ayase,綾瀬市,83913,city,13.1,kamakura--odawara#pacific,12.5,kamakura,odawara,35.4373,139.4268
Nakatsu,中津市,82863,city,0.2,moji--nakatsu,57.9,moji,nakatsu,33.5983,131.1883
Wako,和光市,82017,city,18.0,tsukuba--tokyo#pacific,68.3,tsukuba,tokyo,35.7817,139.6059
Maizuru,舞鶴市,81808,city,0.6,obama--miyazu#sanin,41.4,obama,miyazu,35.4747,135.386
Moriyama,守山市,81666,city,9.3,tsuruga--otsu#direct,79.0,tsuruga,otsu,35.0589,135.9943
Owariasahi,尾張旭市,81589,city,13.5,toyohashi--nagoya#pacific,71.6,toyohashi,nagoya,35.2165,137.0352
Ōmihachiman,近江八幡市,81312,city,15.6,tsuruga--otsu,83.9,tsuruga,otsu,35.1284,136.0979
Toyooka,豊岡市,80595,city,4.2,miyazu--tottori#sanin,51.9,miyazu,tottori,35.5447,134.8201
Nagaokakyo,長岡京市,80424,city,4.2,otsu--osaka,20.7,otsu,osaka,34.9265,135.6954
Gamagori,蒲郡市,80318,city,6.6,toyohashi--nagoya#pacific,19.2,toyohashi,nagoya,34.8339,137.2252
Natori,名取市,79761,city,0.5,sendai--soma#pacific,11.6,sendai,soma,38.1715,140.8917
Fukuchiyama,福知山市,78003,city,21.0,obama--miyazu#sanin,58.3,obama,miyazu,35.2967,135.1266
Kashiba,香芝市,77815,city,20.2,wakayama--osaka#pacific,63.1,wakayama,osaka,34.5415,135.6988
Tsubame,燕市,77201,city,5.5,niigata--kashiwazaki,40.4,niigata,kashiwazaki,37.6731,138.8825
Ryugasaki,龍ケ崎市,76420,city,13.9,tsukuba--tokyo#pacific,14.5,tsukuba,tokyo,35.9113,140.1819
Katano,交野市,76389,city,4.7,otsu--osaka,31.9,otsu,osaka,34.788,135.68
Miki,三木市,76302,city,13.6,kobe--himeji,13.1,kobe,himeji,34.7969,134.9902
Komae,狛江市,76234,city,12.8,tokyo--kamakura#pacific,10.2,tokyo,kamakura,35.6348,139.5787
Tatsuno,たつの市,76230,city,4.3,himeji--okayama,16.1,himeji,okayama,34.8578,134.5453
Joyo,城陽市,75736,city,6.9,otsu--osaka,19.0,otsu,osaka,34.853,135.7799
Kasama,笠間市,75698,city,7.2,mito--tsukuba#pacific,15.6,mito,tsukuba,36.3452,140.3042
Izumiotsu,泉大津市,75200,city,0.2,wakayama--osaka#pacific,48.2,wakayama,osaka,34.5043,135.4104
Kiyose,清瀬市,75072,city,23.8,tokyo--kamakura#pacific,0.8,tokyo,kamakura,35.7855,139.5313
Kizugawa,木津川市,74969,city,18.2,otsu--osaka,31.9,otsu,osaka,34.7371,135.8202
Yurihonjo,由利本荘市,74707,city,0.4,akita--nikaho,44.6,akita,nikaho,39.3859,140.0487
Kai,甲斐市,74705,city,1.8,matsumoto--kofu#highland,97.6,matsumoto,kofu,35.6608,138.5164
Ishioka,石岡市,74184,city,1.0,mito--tsukuba#pacific,32.6,mito,tsukuba,36.1908,140.2884
Inuyama,犬山市,73992,city,23.2,toyohashi--nagoya#pacific,75.6,toyohashi,nagoya,35.361,136.9845
Shiki,志木市,72676,city,23.7,tsukuba--tokyo#pacific,68.3,tsukuba,tokyo,35.8374,139.5796
Kyotanabe,京田辺市,72493,city,9.7,otsu--osaka,27.2,otsu,osaka,34.8144,135.7677
Warabi,蕨市,72260,city,16.9,tsukuba--tokyo#pacific,65.3,tsukuba,tokyo,35.8264,139.6791
Hekinan,碧南市,72076,city,17.6,toyohashi--nagoya#pacific,45.8,toyohashi,nagoya,34.865,136.9845
Yoshikawa,吉川市,71979,city,5.1,tsukuba--tokyo#pacific,40.4,tsukuba,tokyo,35.8963,139.8545
Yawata,八幡市,71775,city,1.6,otsu--osaka,22.0,otsu,osaka,34.8755,135.7075
Yukuhashi,行橋市,71426,city,0.6,moji--nakatsu,30.1,moji,nakatsu,33.7292,130.9832
Chiryu,知立市,71159,city,1.7,toyohashi--nagoya#pacific,46.8,toyohashi,nagoya,35.0015,137.0516
Uwajima,宇和島市,70809,city,0.5,uwajima--sukumo#shikoku-south,0.3,uwajima,sukumo,33.2232,132.5607
Minami-Alps,南アルプス市,70116,city,8.7,matsumoto--kofu#highland,97.4,matsumoto,kofu,35.6085,138.4651
Tanabe,田辺市,69870,city,0.3,shirahama--wakayama#pacific,9.7,shirahama,wakayama,33.7279,135.3778
Kashiwara,柏原市,69799,city,12.9,wakayama--osaka#pacific,63.1,wakayama,osaka,34.5784,135.6292
Toyoake,豊明市,69127,city,0.7,toyohashi--nagoya#pacific,54.1,toyohashi,nagoya,35.0537,137.0129
Kiyosu,清須市,69079,city,4.3,nagoya--ise#pacific,0.1,nagoya,ise,35.2002,136.8531
Yamatotakada,大和高田市,68927,city,24.5,wakayama--osaka#pacific,63.1,wakayama,osaka,34.5151,135.7365
Kaga,加賀市,68864,city,1.5,kanazawa--tojinbo,48.0,kanazawa,tojinbo,36.3028,136.3151
Fuefuki,笛吹市,68641,city,3.8,kofu--fujinomiya#highland,7.8,kofu,fujinomiya,35.6473,138.6397
Moriya,守谷市,68421,city,4.3,tsukuba--tokyo#pacific,21.6,tsukuba,tokyo,35.951,139.9755
Sabae,鯖江市,67710,city,0.2,fukui--tsuruga,12.0,fukui,tsuruga,35.9565,136.1844
Hashima,羽島市,67153,city,18.5,nagoya--ise#pacific,16.3,nagoya,ise,35.3195,136.7027
Ina,伊那市,67077,city,24.6,matsumoto--kofu#highland,38.4,matsumoto,kofu,35.8305,137.9549
Ito,伊東市,66988,city,15.9,odawara--numazu#pacific,30.7,odawara,numazu,34.9657,139.1017
Shiojiri,塩尻市,66979,city,1.9,matsumoto--kofu#highland,11.4,matsumoto,kofu,36.125,137.9528
Soja,総社市,66855,city,0.9,okayama--fukuyama,17.5,okayama,fukuyama,34.6728,133.7467
Saiki,佐伯市,66851,city,0.1,saiki--nobeoka#shikoku-south,1.9,saiki,nobeoka,32.9602,131.8997
Ritto,栗東市,66749,city,11.8,tsuruga--otsu,93.5,tsuruga,otsu,35.0216,135.9981
Tsuruga,敦賀市,66665,city,0.0,tsuruga--obama#sanin,0.1,tsuruga,obama,35.6445,136.0735
Kinokawa,紀の川市,66662,city,14.1,wakayama--osaka#pacific,25.9,wakayama,osaka,34.2697,135.3637
Fujiidera,藤井寺市,64692,city,10.4,wakayama--osaka#pacific,63.1,wakayama,osaka,34.5744,135.5975
Minamiuonuma,南魚沼市,62733,city,0.4,nagaoka--yuzawa#highland,59.7,nagaoka,yuzawa,37.0656,138.8761
Miyoshi,みよし市,62613,city,9.0,toyohashi--nagoya#pacific,50.9,toyohashi,nagoya,35.0993,137.0995
Tsushima,津島市,62525,city,1.4,nagoya--ise#pacific,12.2,nagoya,ise,35.1668,136.7582
Shiroi,白井市,62374,city,11.7,tsukuba--tokyo#pacific,31.6,tsukuba,tokyo,35.7915,140.0561
Tendo,天童市,62140,city,5.0,yamagata--tsuruoka#crossover,16.9,yamagata,tsuruoka,38.3624,140.3773
Aisai,愛西市,62113,city,0.0,nagoya--ise#pacific,15.6,nagoya,ise,35.1531,136.728
Tagajo,多賀城市,61819,city,10.4,kesennuma--sendai#pacific,125.4,kesennuma,sendai,38.2938,141.0043
Sennan,泉南市,61566,city,1.3,wakayama--osaka#pacific,28.0,wakayama,osaka,34.3657,135.274
Tahara,田原市,61292,city,14.3,hamamatsu--toyohashi#pacific,39.0,hamamatsu,toyohashi,34.669,137.2637
Joso,常総市,60834,city,5.6,tsukuba--tokyo#pacific,11.3,tsukuba,tokyo,36.0236,139.9939
Tamano,玉野市,60736,city,19.2,okayama--fukuyama,2.3,okayama,fukuyama,34.4919,133.946
Towada,十和田市,60378,city,6.9,aomori--hachinohe#pacific,64.5,aomori,hachinohe,40.6127,141.206
Sanyo-Onoda,山陽小野田市,60326,city,0.8,hofu--shimonoseki,43.9,hofu,shimonoseki,34.003,131.1819
Kurihara,栗原市,59876,city,12.7,kesennuma--sendai#pacific,67.0,kesennuma,sendai,38.7301,141.0209
Hyuga,日向市,59629,city,0.3,nobeoka--miyazaki,20.4,nobeoka,miyazaki,32.4225,131.6244
Nagakute,長久手市,59532,city,12.7,toyohashi--nagoya#pacific,69.1,toyohashi,nagoya,35.1838,137.0487
Chikuma,千曲市,58852,city,0.9,nagano--matsumoto#highland,15.8,nagano,matsumoto,36.5337,138.1201
Kosai,湖西市,58551,city,4.1,hamamatsu--toyohashi#pacific,19.4,hamamatsu,toyohashi,34.7185,137.5316
Hannan,阪南市,58465,city,0.4,wakayama--osaka#pacific,24.5,wakayama,osaka,34.3595,135.2398
Osakasayama,大阪狭山市,58138,city,10.9,wakayama--osaka#pacific,53.8,wakayama,osaka,34.5037,135.5557
Tokoname,常滑市,57456,city,21.3,nagoya--ise#pacific,40.6,nagoya,ise,34.8959,136.8383
Zushi,逗子市,57425,city,3.7,tokyo--kamakura#pacific,57.3,tokyo,kamakura,35.2956,139.5804
Murakami,村上市,57418,city,0.1,murakami--niigata,0.0,murakami,niigata,38.2241,139.48
Ishikari,石狩市,56869,city,2.2,atsuta--otaru,38.1,atsuta,otaru,43.1717,141.316
Takaishi,高石市,56452,city,1.1,wakayama--osaka#pacific,51.5,wakayama,osaka,34.5207,135.4424
Nogata,直方市,56212,city,19.3,moji--nakatsu,13.5,moji,nakatsu,33.7439,130.7297
Kudamatsu,下松市,55887,city,2.2,yanai--hofu,29.7,yanai,hofu,34.015,131.8705
Muko,向日市,55729,city,5.7,otsu--osaka,17.7,otsu,osaka,34.9487,135.6981
Chino,茅野市,55646,city,1.2,matsumoto--kofu#highland,40.4,matsumoto,kofu,35.9957,138.1589
Kesennuma,気仙沼市,55588,city,0.1,kamaishi--kesennuma#pacific,90.6,kamaishi,kesennuma,38.908,141.5698
Shijonawate,四條畷市,55533,city,5.3,otsu--osaka,38.8,otsu,osaka,34.7401,135.6402
Minamisoma,南相馬市,55364,city,4.7,soma--iwaki#pacific,21.2,soma,iwaki,37.6422,140.9573
Nonoichi,野々市市,55099,city,5.3,kanazawa--tojinbo,6.1,kanazawa,tojinbo,36.5197,136.6098
Nanao,七尾市,54638,city,0.6,suzu--nanao,73.3,suzu,nanao,37.0521,136.9465
Hamada,浜田市,54592,city,0.2,hamada--hagi#sanin,1.0,hamada,hagi,34.8992,132.08
Konan,湖南市,54240,city,19.4,tsuruga--otsu#direct,79.0,tsuruga,otsu,35.0042,136.0847
Naka,那珂市,53897,city,5.3,iwaki--mito#pacific,92.8,iwaki,mito,36.4572,140.4872
Nanto,南砺市,53584,city,23.7,nanao--kanazawa,62.7,nanao,kanazawa,36.5882,136.9192
Kyotango,京丹後市,53367,city,10.5,miyazu--tottori#sanin,5.3,miyazu,tottori,35.6242,135.0611
Iwade,岩出市,53358,city,9.8,shirahama--wakayama#pacific,108.9,shirahama,wakayama,34.2559,135.3112
Usa,宇佐市,52771,city,0.2,nakatsu--usa,17.4,nakatsu,usa,33.532,131.3497
Tomiya,富谷市,52379,city,0.5,kesennuma--sendai#pacific,111.5,kesennuma,sendai,38.3999,140.8953
Bando,坂東市,52265,city,15.3,tsukuba--tokyo#pacific,11.3,tsukuba,tokyo,36.0485,139.8897
Shiogama,塩竈市,51494,city,11.8,kesennuma--sendai#pacific,120.6,kesennuma,sendai,38.3143,141.0218
Goshogawara,五所川原市,51415,city,5.5,aomori--fukaura,36.9,aomori,fukaura,40.8076,140.4459
Suzaka,須坂市,51072,city,5.9,yuzawa--nagano#highland,112.3,yuzawa,nagano,36.6511,138.3071
Fuchu,府中町,51053,town,2.0,kure--hiroshima,17.4,kure,hiroshima,34.3926,132.5045
Susono,裾野市,50911,city,8.2,odawara--numazu#pacific,43.1,odawara,numazu,35.1739,138.9068
Nichinan,日南市,50848,city,3.8,miyazaki--nichinan,40.0,miyazaki,nichinan,31.6019,131.3789
Hitachiota,常陸太田市,50728,city,7.5,iwaki--mito#pacific,86.0,iwaki,mito,36.5373,140.5308
Tsukubamirai,つくばみらい市,50615,city,0.1,tsukuba--tokyo#pacific,17.6,tsukuba,tokyo,35.9627,140.0378
Miyako,宮古市,50369,city,0.1,kuji--miyako#pacific,104.6,kuji,miyako,39.6396,141.9461
Omitama,小美玉市,50180,city,2.8,mito--tsukuba#pacific,20.6,mito,tsukuba,36.239,140.3524
Kameyama,亀山市,50146,city,10.3,nagoya--ise#pacific,63.2,nagoya,ise,34.862,136.4467
Suwa,諏訪市,50140,city,0.2,matsumoto--kofu#highland,32.2,matsumoto,kofu,36.0392,138.114
Okaya,岡谷市,50128,city,1.1,matsumoto--kofu#highland,23.8,matsumoto,kofu,36.0667,138.0495
Noshiro,能代市,49968,city,0.1,fukaura--noshiro,54.3,fukaura,noshiro,40.2118,140.0272
Yasu,野洲市,49889,city,10.9,tsuruga--otsu,83.9,tsuruga,otsu,35.0675,136.0259
Tokamachi,十日町市,49820,city,7.6,yuzawa--nagano#highland,21.2,yuzawa,nagano,37.1276,138.7555
Hikari,光市,49798,city,4.2,yanai--hofu,15.3,yanai,hofu,33.9616,131.9425
Higashiura,東浦町,49230,town,10.0,toyohashi--nagoya#pacific,54.7,toyohashi,nagoya,34.9695,136.9477
Tonami,砺波市,49222,city,20.1,uozu--himi,36.9,uozu,himi,36.6364,136.9468
Nomi,能美市,48881,city,7.7,kanazawa--tojinbo,22.0,kanazawa,tojinbo,36.4392,136.5424
Himi,氷見市,48836,city,0.6,himi--chirihama,1.9,himi,chirihama,36.8646,136.9704
Kasaoka,笠岡市,48755,city,9.5,okayama--fukuyama,44.4,okayama,fukuyama,34.5071,133.5075
Shima,志摩市,48696,city,18.8,ise--owase#pacific,9.9,ise,owase,34.3412,136.8196
Kainan,海南市,48369,city,0.3,shirahama--wakayama#pacific,99.9,shirahama,wakayama,34.1549,135.2093
Ono,小野市,48215,city,16.9,kobe--himeji,41.2,kobe,himeji,34.8614,134.9548
Takashima,高島市,48132,city,2.2,tsuruga--otsu#direct,40.3,tsuruga,otsu,35.3529,136.0357
Iwakura,岩倉市,47957,city,11.8,toyohashi--nagoya#pacific,75.6,toyohashi,nagoya,35.2746,136.8707
Samukawa,寒川町,47936,town,5.9,kamakura--odawara#pacific,18.1,kamakura,odawara,35.3729,139.3838
Higashine,東根市,47682,city,8.6,yamagata--tsuruoka#crossover,18.3,yamagata,tsuruoka,38.4312,140.3913
Gosen,五泉市,47625,city,18.0,niigata--kashiwazaki,20.3,niigata,kashiwazaki,37.7444,139.1826
Izunokuni,伊豆の国市,47624,city,7.0,odawara--numazu#pacific,38.7,odawara,numazu,35.0278,138.9289
Takahama,高浜市,47584,city,12.1,toyohashi--nagoya#pacific,45.8,toyohashi,nagoya,34.9208,136.9886
Ami,阿見町,47535,town,10.2,mito--tsukuba#pacific,54.4,mito,tsukuba,36.0308,140.2136
Hokota,鉾田市,47463,city,18.9,mito--tsukuba#pacific,10.9,mito,tsukuba,36.1586,140.5165
Ako,赤穂市,47461,city,8.7,himeji--okayama,27.1,himeji,okayama,34.7549,134.3903
Kikugawa,菊川市,46849,city,12.1,shizuoka--hamamatsu#pacific,72.2,shizuoka,hamamatsu,34.7579,138.0847
Fujiyoshida,富士吉田市,46530,city,6.7,kofu--fujinomiya#highland,29.1,kofu,fujinomiya,35.4875,138.8078
Kurayoshi,倉吉市,46485,city,7.4,tottori--yonago#sanin,48.5,tottori,yonago,35.4302,133.8255
Chiyoda,千代田区,46397,city,1.6,tsukuba--tokyo#pacific,69.0,tsukuba,tokyo,35.6941,139.7535
Tagawa,田川市,46203,city,17.5,moji--nakatsu,33.1,moji,nakatsu,33.6388,130.8063
Shinshiro,新城市,45918,city,16.2,toyohashi--nagoya#pacific,7.3,toyohashi,nagoya,34.8989,137.4977
Sugito,杉戸町,45495,town,22.9,tsukuba--tokyo#pacific,40.4,tsukuba,tokyo,36.0258,139.7367
Inabe,いなべ市,45488,city,12.7,nagoya--ise#pacific,22.6,nagoya,ise,35.1584,136.5167
Miura,三浦市,45289,city,19.5,kamakura--odawara#pacific,3.1,kamakura,odawara,35.1442,139.6208
Masuda,益田市,45003,city,1.5,hamada--hagi#sanin,48.8,hamada,hagi,34.6749,131.8429
Hagi,萩市,44626,city,0.6,hamada--hagi#sanin,118.1,hamada,hagi,34.4075,131.3992
Makinohara,牧之原市,44493,city,1.1,shizuoka--hamamatsu#pacific,42.1,shizuoka,hamamatsu,34.74,138.2247
Kumatori,熊取町,44435,town,6.3,wakayama--osaka#pacific,36.0,wakayama,osaka,34.3761,135.3731
Hokuto,北杜市,44314,city,0.3,matsumoto--kofu#highland,81.5,matsumoto,kofu,35.7765,138.4236
Hokuto,北斗市,44302,city,5.9,yakumo--hakodate,74.1,yakumo,hakodate,41.824,140.653
Kasai,加西市,43619,city,16.4,kobe--himeji,50.5,kobe,himeji,34.9291,134.8601
Uozu,魚津市,43364,city,1.4,uozu--himi,0.0,uozu,himi,36.8171,137.4183
Minamiashigara,南足柄市,43306,city,8.7,kamakura--odawara#pacific,40.9,kamakura,odawara,35.3206,139.0992
Yatomi,弥富市,43269,city,4.5,nagoya--ise#pacific,18.5,nagoya,ise,35.1102,136.7248
Sumoto,洲本市,43149,city,23.0,wakayama--osaka#pacific,14.6,wakayama,osaka,34.343,134.8954
Kitaibaraki,北茨城市,43135,city,0.3,iwaki--mito#pacific,40.9,iwaki,mito,36.8019,140.7513
Awaji,淡路市,42984,city,23.7,kobe--himeji,20.9,kobe,himeji,34.4397,134.915
Iwanuma,岩沼市,42942,city,0.2,sendai--soma#pacific,20.7,sendai,soma,38.1043,140.8701
Akaiwa,赤磐市,42913,city,3.0,himeji--okayama,70.1,himeji,okayama,34.7553,134.0188
Togo,東郷町,42858,town,5.8,toyohashi--nagoya#pacific,52.4,toyohashi,nagoya,35.0954,137.0428
Shimotsuma,下妻市,42635,city,16.9,tsukuba--tokyo#pacific,0.5,tsukuba,tokyo,36.1839,139.9684
Taketoyo,武豊町,42473,town,22.3,toyohashi--nagoya#pacific,45.8,toyohashi,nagoya,34.851,136.9149
Nakano,中野市,42338,city,2.2,yuzawa--nagano#highland,98.5,yuzawa,nagano,36.7416,138.3693
Nagaizumi,長泉町,42331,town,4.2,odawara--numazu#pacific,44.1,odawara,numazu,35.1376,138.8972
Inashiki,稲敷市,41392,city,19.9,mito--tsukuba#pacific,46.0,mito,tsukuba,35.9721,140.3034
Hitachiomiya,常陸大宮市,41342,city,15.7,iwaki--mito#pacific,91.7,iwaki,mito,36.5429,140.4116
Sakuragawa,桜川市,41278,city,20.9,mito--tsukuba#pacific,26.5,mito,tsukuba,36.3272,140.0904
Kurobe,黒部市,41151,city,2.6,itoigawa--uozu,51.4,itoigawa,uozu,36.8713,137.4479
Itoigawa,糸魚川市,40765,city,0.8,itoigawa--uozu,0.0,itoigawa,uozu,37.039,137.8628
Agano,阿賀野市,40696,city,11.6,murakami--niigata,48.4,murakami,niigata,37.8344,139.2259
Kato,加東市,40599,city,22.6,kobe--himeji,41.2,kobe,himeji,34.9186,134.9734
Ozu,大洲市,40575,city,0.1,matsuyama--uwajima#shikoku-south,62.6,matsuyama,uwajima,33.5065,132.5447
Nakama,中間市,40362,city,17.6,moji--nakatsu,12.4,moji,nakatsu,33.8164,130.7091
Aikawa,愛川町,40343,town,24.4,kamakura--odawara#pacific,22.0,kamakura,odawara,35.5323,139.2978
Komono,菰野町,40210,town,11.0,nagoya--ise#pacific,43.9,nagoya,ise,35.02,136.5073
Sagae,寒河江市,40189,city,2.0,yamagata--tsuruoka#crossover,22.8,yamagata,tsuruoka,38.3809,140.276
Kasumigaura,かすみがうら市,40087,city,0.4,mito--tsukuba#pacific,40.0,mito,tsukuba,36.1552,140.2353
Kota,幸田町,39549,town,6.5,toyohashi--nagoya#pacific,27.5,toyohashi,nagoya,34.871,137.1608
Mitsuke,見附市,39237,city,3.3,niigata--nagaoka#highland,52.4,niigata,nagaoka,37.5314,138.9127
Misawa,三沢市,39152,city,7.8,aomori--hachinohe#pacific,69.5,aomori,hachinohe,40.6829,141.3692
Ibusuki,指宿市,39011,city,12.7,kanoya--nejime,23.6,kanoya,nejime,31.2528,130.6333
Oda,大田市,38837,city,3.2,izumo--hamada#sanin,35.2,izumo,hamada,35.1921,132.4995
Maibara,米原市,38719,city,19.8,tsuruga--otsu,54.4,tsuruga,otsu,35.315,136.2916
Ibara,井原市,38384,city,0.6,okayama--fukuyama,47.6,okayama,fukuyama,34.5977,133.4638
Soma,相馬市,38171,city,0.5,soma--iwaki#pacific,0.7,soma,iwaki,37.7967,140.9195
Fuchu,府中市,37655,city,11.8,okayama--fukuyama,61.8,okayama,fukuyama,34.5683,133.2366
Higashimatsushima,東松島市,37625,city,15.3,kesennuma--sendai#pacific,92.4,kesennuma,sendai,38.4264,141.211
Kannami,函南町,37347,town,0.1,odawara--numazu#pacific,38.1,odawara,numazu,35.089,138.9534
Kanie,蟹江町,37085,town,2.3,nagoya--ise#pacific,10.5,nagoya,ise,35.1323,136.7868
Yasugi,安来市,37062,city,0.6,yonago--matsue#sanin,11.3,yonago,matsue,35.4313,133.2509
Atami,熱海市,37000,city,1.4,odawara--numazu#pacific,23.0,odawara,numazu,35.0965,139.0718
Setouchi,瀬戸内市,36975,city,7.0,himeji--okayama,73.6,himeji,okayama,34.6648,134.0927
Tsubata,津幡町,36968,town,6.6,nanao--kanazawa,48.1,nanao,kanazawa,36.6664,136.7337
Kaizu,海津市,36950,city,8.7,nagoya--ise#pacific,21.7,nagoya,ise,35.2205,136.6372
Katsuragi,葛城市,36824,city,24.8,wakayama--osaka#pacific,60.2,wakayama,osaka,34.4888,135.7267
Shiso,宍粟市,36387,city,20.2,himeji--okayama,16.1,himeji,okayama,35.0044,134.5496
Seika,精華町,36376,town,14.3,otsu--osaka,31.9,otsu,osaka,34.7609,135.7858
Shibata,柴田町,36215,town,7.8,sendai--soma#pacific,27.2,sendai,soma,38.0566,140.7658
Usuki,臼杵市,36158,city,0.3,beppu--usuki,39.5,beppu,usuki,33.1261,131.8048
Un-nan,雲南市,36007,city,13.9,matsue--izumo#sanin,38.7,matsue,izumo,35.2881,132.9001
Seiyo,西予市,35388,city,0.1,matsuyama--uwajima#shikoku-south,84.5,matsuyama,uwajima,33.3626,132.5109
Iyo,伊予市,35133,city,0.2,matsuyama--yawatahama#shikoku,12.2,matsuyama,yawatahama,33.7579,132.7039
Kanda,苅田町,34963,town,0.3,moji--nakatsu,24.6,moji,nakatsu,33.7757,130.9806
Kahoku,かほく市,34889,city,1.4,chirihama--kanazawa#direct,15.4,chirihama,kanazawa,36.7498,136.7196
Ofunato,大船渡市,34728,city,0.2,kamaishi--kesennuma#pacific,44.5,kamaishi,kesennuma,39.0818,141.7084
Koryo,広陵町,34558,town,24.5,wakayama--osaka#pacific,63.1,wakayama,osaka,34.5426,135.7504
Uonuma,魚沼市,34483,city,0.4,nagaoka--yuzawa#highland,38.6,nagaoka,yuzawa,37.2303,138.9612
Mimasaka,美作市,34338,city,23.8,himeji--okayama,53.3,himeji,okayama,35.0261,134.1598
Ojiya,小千谷市,34096,city,1.7,nagaoka--yuzawa#highland,17.7,nagaoka,yuzawa,37.3143,138.7951
Yamanashi,山梨市,33962,city,9.3,kofu--fujinomiya#highland,3.3,kofu,fujinomiya,35.6928,138.6871
Miyashiro,宮代町,33930,town,23.4,tsukuba--tokyo#pacific,40.4,tsukuba,tokyo,36.0227,139.7226
Toon,東温市,33903,city,10.4,matsuyama--uwajima#shikoku-south,0.8,matsuyama,uwajima,33.7909,132.8719
Fuso,扶桑町,33806,town,21.9,toyohashi--nagoya#pacific,75.6,toyohashi,nagoya,35.3652,136.9077
Harima,播磨町,33739,town,0.4,kobe--himeji,33.9,kobe,himeji,34.7153,134.8679
Asakuchi,浅口市,33697,city,8.2,okayama--fukuyama,39.1,okayama,fukuyama,34.5279,133.585
Bungo-Ono,豊後大野市,33695,city,10.4,usuki--nobeoka,21.3,usuki,nobeoka,32.9776,131.5841
Taishi,太子町,33690,town,2.0,himeji--okayama,11.2,himeji,okayama,34.833,134.5723
Wakkanai,稚内市,33563,city,6.3,cape-soya--wakkanai,34.0,cape-soya,wakkanai,45.4157,141.674
Soo,曽於市,33310,city,19.8,kushima--kanoya,10.5,kushima,kanoya,31.6535,131.0194
Asago,朝来市,33252,city,11.9,miyazu--tottori#sanin,40.8,miyazu,tottori,35.3398,134.8527
Namerikawa,滑川市,33235,city,0.5,uozu--himi,10.0,uozu,himi,36.7643,137.3414
Kuji,久慈市,33043,city,0.1,hachinohe--kuji#pacific,66.6,hachinohe,kuji,40.1904,141.7757
Ayabe,綾部市,32964,city,16.9,obama--miyazu#sanin,56.7,obama,miyazu,35.299,135.2588
Ibaraki,茨城町,32921,town,2.4,mito--tsukuba#pacific,10.9,mito,tsukuba,36.2871,140.4241
Yufu,由布市,32772,city,12.2,beppu--usuki,3.7,beppu,usuki,33.1801,131.4269
Sakaiminato,境港市,32740,city,12.2,yonago--matsue#sanin,15.1,yonago,matsue,35.5392,133.2319
Shimanto,四万十市,32694,city,14.6,uwajima--sukumo#shikoku-south,54.7,uwajima,sukumo,32.9912,132.9337
Watari,亘理町,32646,town,1.1,sendai--soma#pacific,28.7,sendai,soma,38.0444,140.8679
Nagato,長門市,32519,city,13.3,hagi--shimonoseki#sanin,35.5,hagi,shimonoseki,34.3709,131.1822
Bizen,備前市,32320,city,6.6,himeji--okayama,58.0,himeji,okayama,34.745,134.1883
Shimizu,清水町,32118,town,0.1,odawara--numazu#pacific,43.8,odawara,numazu,35.0991,138.9027
Hayama,葉山町,32096,town,6.0,kamakura--odawara#pacific,1.2,kamakura,odawara,35.2719,139.5861
Kamaishi,釜石市,32078,city,0.9,miyako--kamaishi#pacific,66.5,miyako,kamaishi,39.2757,141.8858
Takahashi,高梁市,32075,city,18.0,okayama--fukuyama,18.6,okayama,fukuyama,34.7909,133.6169
Yawatahama,八幡浜市,31987,city,0.4,matsuyama--yawatahama#shikoku,72.6,matsuyama,yawatahama,33.4628,132.4235
Kuroishi,黒石市,31946,city,7.1,aomori--fukaura,22.7,aomori,fukaura,40.6423,140.5951
Omaezaki,御前崎市,31894,city,0.3,shizuoka--hamamatsu#pacific,62.3,shizuoka,hamamatsu,34.6381,138.128
Katagami,潟上市,31720,city,4.6,noshiro--akita,40.6,noshiro,akita,39.8573,140.0132
Oiso,大磯町,31550,town,0.0,kamakura--odawara#pacific,24.5,kamakura,odawara,35.3069,139.3113
Oyabe,小矢部市,31351,city,17.0,nanao--kanazawa,42.4,nanao,kanazawa,36.6756,136.8689
Inami,稲美町,31020,town,5.2,kobe--himeji,33.4,kobe,himeji,34.7487,134.9134
Tsuru,都留市,31016,city,15.2,kofu--fujinomiya#highland,28.6,kofu,fujinomiya,35.5516,138.9055
Oharu,大治町,30990,town,1.5,nagoya--ise#pacific,6.3,nagoya,ise,35.1709,136.8247
Tsugaru,つがる市,30934,city,3.5,aomori--fukaura,42.2,aomori,fukaura,40.8088,140.3803
Inagawa,猪名川町,30838,town,22.8,osaka--kobe,16.3,osaka,kobe,34.9463,135.3521
Chuo,中央市,30837,city,7.6,kofu--fujinomiya#highland,6.7,kofu,fujinomiya,35.5996,138.5175
Yanai,柳井市,30799,city,0.3,yanai--hofu,1.2,yanai,hofu,33.9641,132.1012
Yoro,養老町,30759,town,19.9,nagoya--ise#pacific,22.6,nagoya,ise,35.3055,136.5616
Hirakawa,平川市,30567,city,13.4,aomori--fukaura,22.7,aomori,fukaura,40.5837,140.5671
Myoko,妙高市,30383,city,16.3,kashiwazaki--itoigawa,41.7,kashiwazaki,itoigawa,37.0252,138.2536
Shiroishi,白石市,30287,city,21.4,sendai--soma#pacific,30.0,sendai,soma,38.0024,140.62
Izu,伊豆市,30283,city,12.4,odawara--numazu#pacific,37.2,odawara,numazu,34.9765,138.9467
Nirasaki,韮崎市,30070,city,0.4,matsumoto--kofu#highland,90.0,matsumoto,kofu,35.7089,138.4461
Masaki,松前町,30064,town,1.5,matsuyama--yawatahama#shikoku,8.6,matsuyama,yawatahama,33.7881,132.7121
Matsubushi,松伏町,30061,town,9.9,tsukuba--tokyo#pacific,40.4,tsukuba,tokyo,35.9262,139.8159
Fukuoka,福岡市,1612392,city,53.3,moji--nakatsu,13.5,moji,nakatsu,33.5899,130.4018
Chiba,千葉市,974951,city,26.2,tsukuba--tokyo#pacific,53.7,tsukuba,tokyo,35.6071,140.1063
Sagamihara,相模原市,725493,city,25.7,tokyo--kamakura#pacific,32.5,tokyo,kamakura,35.5715,139.3731
Kagoshima,鹿児島市,593128,city,35.0,kanoya--nejime,6.3,kanoya,nejime,31.5968,130.5572
Hachioji,八王子市,555517,city,35.6,tokyo--kamakura#pacific,32.5,tokyo,kamakura,35.6664,139.3164
Utsunomiya,宇都宮市,518594,city,50.8,mito--tsukuba#pacific,22.7,mito,tsukuba,36.555,139.8829
Takamatsu,高松市,426514,city,37.6,himeji--okayama,80.6,himeji,okayama,34.3426,134.0465
Sakaide,坂出市,426514,city,37.9,okayama--fukuyama,24.6,okayama,fukuyama,34.3167,133.8604
Marugame,丸亀市,426514,city,38.8,okayama--fukuyama,28.2,okayama,fukuyama,34.2888,133.7982
Gifu,岐阜市,404352,city,29.8,nagoya--ise#pacific,7.7,nagoya,ise,35.4231,136.7628
Takasaki,高崎市,370176,city,70.4,yuzawa--nagano#highland,0.0,yuzawa,nagano,36.3221,139.0033
Kawagoe,川越市,350745,city,36.6,tsukuba--tokyo#pacific,68.3,tsukuba,tokyo,35.9251,139.4857
Tokorozawa,所沢市,341091,city,29.4,tokyo--kamakura#pacific,0.8,tokyo,kamakura,35.7987,139.4697
Asahikawa,旭川市,329306,city,59.2,haboro--rumoi,45.0,haboro,rumoi,43.7706,142.365
Koriyama,郡山市,327692,city,59.6,soma--iwaki#pacific,53.7,soma,iwaki,37.4049,140.3334
Kochi,高知市,326545,city,73.8,onomichi--imabari,57.6,onomichi,imabari,33.5588,133.5311
Maebashi,前橋市,324644,city,64.9,yuzawa--nagano#highland,0.0,yuzawa,nagano,36.3893,139.0633
Kurume,久留米市,303316,city,60.1,moji--nakatsu,37.7,moji,nakatsu,33.3197,130.5081
Morioka,盛岡市,289731,city,64.4,kuji--miyako#pacific,65.2,kuji,miyako,39.7021,141.1545
Fukushima,福島市,282693,city,40.5,sendai--soma#pacific,57.9,sendai,soma,37.7608,140.4746
Ichihara,市原市,269524,city,35.7,tsukuba--tokyo#pacific,53.7,tsukuba,tokyo,35.4978,140.1157
Tokushima,徳島市,252391,city,50.2,shirahama--wakayama#pacific,83.6,shirahama,wakayama,34.0698,134.555
Saga,佐賀市,233301,city,78.5,moji--nakatsu,33.1,moji,nakatsu,33.2639,130.3008
Ageo,上尾市,226940,city,29.9,tsukuba--tokyo#pacific,40.4,tsukuba,tokyo,35.9774,139.5931
Ota,太田市,221403,city,66.6,tsukuba--tokyo#pacific,40.4,tsukuba,tokyo,36.2912,139.3754
Isesaki,伊勢崎市,211850,city,77.7,yuzawa--nagano#highland,0.0,yuzawa,nagano,36.3112,139.1968
Kumagaya,熊谷市,198742,city,55.3,tsukuba--tokyo#pacific,40.4,tsukuba,tokyo,36.1472,139.3886
Tachikawa,立川市,179575,city,30.0,tokyo--kamakura#pacific,10.2,tokyo,kamakura,35.7139,139.4078
Sakura,佐倉市,171927,city,27.6,tsukuba--tokyo#pacific,29.7,tsukuba,tokyo,35.7235,140.224
Hino,日野市,171309,city,29.8,tokyo--kamakura#pacific,10.2,tokyo,kamakura,35.6713,139.395
Tomakomai,苫小牧市,170113,city,64.6,atsuta--otaru,42.9,atsuta,otaru,42.6341,141.6055
Oyama,小山市,167535,city,37.9,tsukuba--tokyo#pacific,0.5,tsukuba,tokyo,36.3155,139.8007
Tochigi,栃木市,157645,city,47.4,tsukuba--tokyo#pacific,0.5,tsukuba,tokyo,36.3818,139.7336
Sayama,狭山市,152405,city,37.4,tokyo--kamakura#pacific,0.8,tokyo,kamakura,35.8611,139.4119
Kuki,久喜市,151598,city,30.0,tsukuba--tokyo#pacific,40.4,tsukuba,tokyo,36.0618,139.6671
Higashimurayama,東村山市,150116,city,26.7,tokyo--kamakura#pacific,6.8,tokyo,kamakura,35.7689,139.4845
Ashikaga,足利市,147699,city,65.4,tsukuba--tokyo#pacific,10.4,tsukuba,tokyo,36.34,139.4488
Iruma,入間市,147430,city,38.1,tokyo--kamakura#pacific,1.8,tokyo,kamakura,35.8221,139.3757
Kakamigahara,各務原市,145494,city,25.8,toyohashi--nagoya#pacific,75.6,toyohashi,nagoya,35.3996,136.8486
Fukaya,深谷市,142996,city,66.4,tsukuba--tokyo#pacific,40.4,tsukuba,tokyo,36.1974,139.2817
Koga,古河市,140150,city,32.5,tsukuba--tokyo#pacific,10.4,tsukuba,tokyo,36.178,139.7554
Ome,青梅市,136581,city,44.2,tokyo--kamakura#pacific,10.2,tokyo,kamakura,35.7881,139.2754
Kisarazu,木更津市,135461,city,26.3,tokyo--kamakura#pacific,27.1,tokyo,kamakura,35.3811,139.9247
Narita,成田市,131190,city,31.3,tsukuba--tokyo#pacific,24.0,tsukuba,tokyo,35.7768,140.3183
Iizuka,飯塚市,126364,city,27.0,moji--nakatsu,33.1,moji,nakatsu,33.6466,130.6912
Kashihara,橿原市,125367,city,29.4,wakayama--osaka#pacific,63.1,wakayama,osaka,34.5094,135.793
Kokubunji,国分寺市,123290,city,26.0,tokyo--kamakura#pacific,10.2,tokyo,kamakura,35.7097,139.4542
Kirishima,霧島市,123135,city,39.6,kushima--kanoya,21.0,kushima,kanoya,31.741,130.7632
Konosu,鴻巣市,117883,city,40.3,tsukuba--tokyo#pacific,40.4,tsukuba,tokyo,36.0658,139.5221
Sano,佐野市,117521,city,53.8,tsukuba--tokyo#pacific,2.5,tsukuba,tokyo,36.3144,139.5784
Aizuwakamatsu,会津若松市,117376,city,77.1,murakami--niigata,33.5,murakami,niigata,37.4947,139.9297
Niihama,新居浜市,115938,city,28.1,onomichi--imabari,57.6,onomichi,imabari,33.9603,133.2836
Nasushiobara,那須塩原市,115210,city,63.7,iwaki--mito#pacific,48.4,iwaki,mito,36.9622,140.0467
Fujimino,ふじみ野市,114218,city,30.8,tsukuba--tokyo#pacific,68.3,tsukuba,tokyo,35.8795,139.5195
Higashiomi,東近江市,113269,city,25.1,tsuruga--otsu#direct,54.3,tsuruga,otsu,35.1124,136.2073
Ōshū,奥州市,112937,city,33.7,kesennuma--sendai#pacific,23.0,kesennuma,sendai,39.1443,141.1392
Kazo,加須市,111572,city,39.6,tsukuba--tokyo#pacific,40.4,tsukuba,tokyo,36.1309,139.6032
Kiryu,桐生市,111554,city,75.3,yuzawa--nagano#highland,0.0,yuzawa,nagano,36.4057,139.3308
Akishima,昭島市,111482,city,34.3,tokyo--kamakura#pacific,10.2,tokyo,kamakura,35.7058,139.3536
Kasuga,春日市,111023,city,49.9,moji--nakatsu,33.1,moji,nakatsu,33.5326,130.47
Fujimi,富士見市,108102,city,27.2,tsukuba--tokyo#pacific,68.3,tsukuba,tokyo,35.8566,139.5491
Tajimi,多治見市,106714,city,28.5,toyohashi--nagoya#pacific,71.6,toyohashi,nagoya,35.333,137.1319
Chikushino,筑紫野市,103311,city,47.6,moji--nakatsu,33.1,moji,nakatsu,33.4875,130.5259
Chikusei,筑西市,102242,city,25.8,mito--tsukuba#pacific,49.5,mito,tsukuba,36.3052,139.9791
Onojo,大野城市,102085,city,49.0,moji--nakatsu,33.1,moji,nakatsu,33.5362,130.4787
Sakado,坂戸市,101679,city,44.4,tsukuba--tokyo#pacific,68.3,tsukuba,tokyo,35.9572,139.4029
Tsuyama,津山市,99937,city,32.4,himeji--okayama,60.6,himeji,okayama,35.0691,134.0043
Iida,飯田市,99350,city,57.6,matsumoto--kofu#highland,53.5,matsumoto,kofu,35.5147,137.822
Itoshima,糸島市,98877,city,71.2,moji--nakatsu,13.5,moji,nakatsu,33.5572,130.1962
Saku,佐久市,98652,city,39.1,matsumoto--kofu#highland,29.4,matsumoto,kofu,36.2488,138.4768
Chitose,千歳市,97950,city,50.2,atsuta--otaru,42.9,atsuta,otaru,42.8209,141.651
Kani,可児市,97442,city,32.7,toyohashi--nagoya#pacific,75.6,toyohashi,nagoya,35.4261,137.0613
Kanuma,鹿沼市,97145,city,61.4,mito--tsukuba#pacific,26.5,mito,tsukuba,36.5682,139.7458
Munakata,宗像市,97095,city,32.7,moji--nakatsu,12.4,moji,nakatsu,33.8056,130.5407
Kamisu,神栖市,95454,city,48.1,mito--tsukuba#pacific,40.3,mito,tsukuba,35.8898,140.6641
Yotsukaido,四街道市,93576,city,27.5,tsukuba--tokyo#pacific,53.7,tsukuba,tokyo,35.6697,140.1679
Hanamaki,花巻市,93193,city,56.3,kamaishi--kesennuma#pacific,75.0,kamaishi,kesennuma,39.3884,141.117
Kitakami,北上市,93045,city,48.3,kesennuma--sendai#pacific,22.0,kesennuma,sendai,39.2867,141.1135
Satsumasendai,薩摩川内市,92403,city,68.1,kanoya--nejime,6.3,kanoya,nejime,31.8134,130.304
Higashimatsuyama,東松山市,92125,city,48.7,tsukuba--tokyo#pacific,40.4,tsukuba,tokyo,36.0422,139.3998
Takayama,高山市,91890,city,63.1,nagano--matsumoto#highland,70.6,nagano,matsumoto,36.1396,137.251
Seki,関市,90794,city,36.5,toyohashi--nagoya#pacific,75.6,toyohashi,nagoya,35.4958,136.9181
Koka,甲賀市,90458,city,27.6,tsuruga--otsu,99.0,tsuruga,otsu,34.9662,136.1669
Mobara,茂原市,88824,city,51.6,tsukuba--tokyo#pacific,53.7,tsukuba,tokyo,35.4285,140.2881
Yokote,横手市,85555,city,43.7,akita--nikaho,34.1,akita,nikaho,39.3138,140.5667
Higashiyamato,東大和市,84876,city,29.5,tokyo--kamakura#pacific,9.7,tokyo,kamakura,35.7409,139.4288
Kimitsu,君津市,84221,city,27.3,tokyo--kamakura#pacific,35.5,tokyo,kamakura,35.3302,139.9026
Nikko,日光市,83386,city,75.4,mito--tsukuba#pacific,22.7,mito,tsukuba,36.7198,139.6981
Shikokuchuo,四国中央市,82754,city,47.6,onomichi--imabari,41.5,onomichi,imabari,33.9807,133.5499
Iga,伊賀市,82639,city,33.4,nagoya--ise#pacific,78.4,nagoya,ise,34.7498,136.1423
Muroran,室蘭市,82383,city,42.7,yakumo--hakodate,35.5,yakumo,hakodate,42.3152,140.9741
Nabari,名張市,81469,city,36.0,nagoya--ise#pacific,90.6,nagoya,ise,34.6279,136.1087
Yonezawa,米沢市,81252,city,41.0,sendai--yamagata#crossover,73.7,sendai,yamagata,37.9218,140.1162
Akiruno,あきる野市,80787,city,40.2,tokyo--kamakura#pacific,10.2,tokyo,kamakura,35.7289,139.2942
Nakatsugawa,中津川市,80573,city,65.0,toyohashi--nagoya#pacific,71.6,toyohashi,nagoya,35.4876,137.5005
Gyoda,行田市,80562,city,49.9,tsukuba--tokyo#pacific,40.4,tsukuba,tokyo,36.1386,139.4559
Hanno,飯能市,80361,city,43.6,tokyo--kamakura#pacific,0.8,tokyo,kamakura,35.8557,139.3276
Moka,真岡市,79548,city,33.8,mito--tsukuba#pacific,26.5,mito,tsukuba,36.4408,140.0125
Iwamizawa,岩見沢市,79306,city,31.8,atsuta--otaru,10.3,atsuta,otaru,43.1961,141.7754
Honjo,本庄市,77881,city,76.0,tsukuba--tokyo#pacific,40.4,tsukuba,tokyo,36.2436,139.1916
Daisen,大仙市,77657,city,32.6,akita--nikaho,34.1,akita,nikaho,39.453,140.4758
Shibukawa,渋川市,76552,city,52.3,yuzawa--nagano#highland,0.0,yuzawa,nagano,36.4903,138.9988
Aira,姶良市,76348,city,44.0,kanoya--nejime,0.0,kanoya,nejime,31.7283,130.6277
Tatebayashi,館林市,76102,city,52.8,tsukuba--tokyo#pacific,10.4,tsukuba,tokyo,36.2454,139.5422
Sukagawa,須賀川市,74992,city,53.1,iwaki--mito#pacific,0.3,iwaki,mito,37.2868,140.3729
Okegawa,桶川市,74748,city,34.0,tsukuba--tokyo#pacific,40.4,tsukuba,tokyo,36.0029,139.5583
Tosu,鳥栖市,74196,city,56.2,moji--nakatsu,33.1,moji,nakatsu,33.3779,130.5062
Kunitachi,国立市,73934,city,26.5,tokyo--kamakura#pacific,10.2,tokyo,kamakura,35.682,139.4362
Dazaifu,太宰府市,73164,city,46.4,moji--nakatsu,33.1,moji,nakatsu,33.5129,130.5242
Katori,香取市,72356,city,36.7,mito--tsukuba#pacific,40.3,mito,tsukuba,35.8978,140.4993
Ohtawara,大田原市,72087,city,63.6,iwaki--mito#pacific,49.4,iwaki,mito,36.871,140.0154
Musashimurayama,武蔵村山市,71419,city,33.7,tokyo--kamakura#pacific,9.7,tokyo,kamakura,35.7565,139.3856
Eniwa,恵庭市,70331,city,40.7,atsuta--otaru,42.9,atsuta,otaru,42.8827,141.5776
Tsurugashima,鶴ヶ島市,70255,city,43.5,tsukuba--tokyo#pacific,68.3,tsukuba,tokyo,35.9347,139.393
Anan,阿南市,69470,city,43.3,shirahama--wakayama#pacific,51.5,shirahama,wakayama,33.922,134.6597
Odate,大館市,69237,city,46.9,fukaura--noshiro,46.4,fukaura,noshiro,40.2717,140.5652
Tenri,天理市,67899,city,29.2,otsu--osaka,37.6,otsu,osaka,34.5966,135.8374
Yachimata,八街市,67455,city,38.2,tsukuba--tokyo#pacific,28.3,tsukuba,tokyo,35.6659,140.3179
Fukutsu,福津市,67033,city,37.9,moji--nakatsu,12.4,moji,nakatsu,33.7668,130.4913
Kashima,鹿嶋市,66950,city,41.6,mito--tsukuba#pacific,34.3,mito,tsukuba,35.9661,140.645
Kitamoto,北本市,65201,city,37.4,tsukuba--tokyo#pacific,40.4,tsukuba,tokyo,36.027,139.5312
Fujioka,藤岡市,64679,city,78.3,matsumoto--kofu#highland,73.2,matsumoto,kofu,36.2586,139.0745
Yanagawa,柳川市,64475,city,78.8,moji--nakatsu,37.7,moji,nakatsu,33.1631,130.4058
Mitoyo,三豊市,64129,city,46.7,okayama--fukuyama,30.7,okayama,fukuyama,34.1987,133.7179
Asahi,旭市,63745,city,60.4,mito--tsukuba#pacific,41.0,mito,tsukuba,35.7197,140.6466
Hashimoto,橋本市,63621,city,26.5,wakayama--osaka#pacific,42.9,wakayama,osaka,34.3258,135.619
Chichibu,秩父市,63555,city,57.7,kofu--fujinomiya#highland,13.9,kofu,fujinomiya,35.9915,139.0858
Tamba,丹波市,63247,city,32.2,miyazu--tottori#sanin,34.8,miyazu,tottori,35.1772,135.0364
Hita,日田市,62657,city,35.6,moji--nakatsu,48.5,moji,nakatsu,33.3212,130.9411
Choshi,銚子市,61891,city,70.4,mito--tsukuba#pacific,40.3,mito,tsukuba,35.7345,140.8273
Koshi,合志市,61772,city,75.7,saiki--nobeoka#shikoku-south,53.5,saiki,nobeoka,32.886,130.7897
Sodegaura,袖ケ浦市,61639,city,26.0,tokyo--kamakura#pacific,23.4,tokyo,kamakura,35.4297,139.9545
Hasuda,蓮田市,61499,city,25.3,tsukuba--tokyo#pacific,40.4,tsukuba,tokyo,35.9941,139.6633
Yame,八女市,60608,city,65.7,moji--nakatsu,37.7,moji,nakatsu,33.2117,130.558
Sakurai,桜井市,59988,city,33.3,wakayama--osaka#pacific,63.1,wakayama,osaka,34.5186,135.8435
Toki,土岐市,59630,city,33.3,toyohashi--nagoya#pacific,71.6,toyohashi,nagoya,35.3525,137.1826
Shirakawa,白河市,59491,city,57.9,iwaki--mito#pacific,25.1,iwaki,mito,37.1263,140.2107
Shimotsuke,下野市,59431,city,40.8,mito--tsukuba#pacific,49.5,mito,tsukuba,36.3943,139.8516
Ogori,小郡市,59360,city,51.4,moji--nakatsu,37.7,moji,nakatsu,33.3964,130.5554
Koga,古賀市,58786,city,41.0,moji--nakatsu,12.4,moji,nakatsu,33.7286,130.4702
Fussa,福生市,58444,city,37.8,tokyo--kamakura#pacific,10.2,tokyo,kamakura,35.7387,139.3268
Date,伊達市,58240,city,32.0,sendai--soma#pacific,55.0,sendai,soma,37.8191,140.5625
Toogane,東金市,58219,city,48.7,tsukuba--tokyo#pacific,53.7,tsukuba,tokyo,35.56,140.3663
Kitahiroshima,北広島市,58171,city,32.1,atsuta--otaru,38.8,atsuta,otaru,42.9854,141.563
Kan-onji,観音寺市,57438,city,49.8,fukuyama--onomichi,0.0,fukuyama,onomichi,34.1285,133.6629
Sado,佐渡市,57255,city,58.9,niigata--nagaoka#highland,6.6,niigata,nagaoka,38.0183,138.3684
Annaka,安中市,57097,city,67.6,yuzawa--nagano#highland,100.0,yuzawa,nagano,36.3256,138.8896
Hidaka,日高市,56224,city,45.7,tokyo--kamakura#pacific,0.8,tokyo,kamakura,35.9078,139.339
Takizawa,滝沢市,55579,city,70.2,kuji--miyako#pacific,47.7,kuji,miyako,39.7348,141.0771
Hamura,羽村市,55434,city,40.5,tokyo--kamakura#pacific,10.2,tokyo,kamakura,35.7648,139.3079
Minokamo,美濃加茂市,55302,city,32.4,toyohashi--nagoya#pacific,75.6,toyohashi,nagoya,35.4407,137.0155
Hanyu,羽生市,54874,city,46.3,tsukuba--tokyo#pacific,40.4,tsukuba,tokyo,36.1724,139.5485
Naruto,鳴門市,54622,city,46.2,shirahama--wakayama#pacific,84.7,shirahama,wakayama,34.1726,134.6084
Mutsu,むつ市,54103,city,56.3,aomori--hachinohe#pacific,38.8,aomori,hachinohe,41.2928,141.1831
Nihonmatsu,二本松市,53557,city,50.3,soma--iwaki#pacific,0.7,soma,iwaki,37.585,140.4314
Mizuho,瑞穂市,52692,city,26.7,nagoya--ise#pacific,16.3,nagoya,ise,35.392,136.6911
Shiraoka,白岡市,52214,city,26.0,tsukuba--tokyo#pacific,40.4,tsukuba,tokyo,36.0186,139.6771
Yuki,結城市,51332,city,32.1,mito--tsukuba#pacific,50.8,mito,tsukuba,36.3053,139.8771
Miyoshi,三次市,50681,city,44.8,onomichi--kure#mainland,37.1,onomichi,kure,34.8102,132.8517
Midori,みどり市,50680,city,73.6,yuzawa--nagano#highland,0.0,yuzawa,nagano,36.3948,139.2811
Asakura,朝倉市,50273,city,41.8,moji--nakatsu,37.7,moji,nakatsu,33.4234,130.6657
Satte,幸手市,50066,city,28.2,tsukuba--tokyo#pacific,40.4,tsukuba,tokyo,36.0779,139.7254
Nakagawa,那珂川市,50004,city,55.4,moji--nakatsu,33.1,moji,nakatsu,33.4994,130.4216
Tomisato,富里市,49636,city,36.0,tsukuba--tokyo#pacific,28.3,tsukuba,tokyo,35.7269,140.3431
Yamaga,山鹿市,49025,city,75.8,moji--nakatsu,48.5,moji,nakatsu,33.0177,130.6912
Chikugo,筑後市,48827,city,68.9,moji--nakatsu,37.7,moji,nakatsu,33.2124,130.5018
Sanuki,さぬき市,48816,city,42.8,himeji--okayama,79.4,himeji,okayama,34.325,134.172
Tomioka,富岡市,48799,city,66.0,matsumoto--kofu#highland,66.3,matsumoto,kofu,36.2598,138.89
Sanmu,山武市,48444,city,49.3,tsukuba--tokyo#pacific,28.3,tsukuba,tokyo,35.6029,140.4134
Oamishirasato,大網白里市,48129,city,47.3,tsukuba--tokyo#pacific,53.7,tsukuba,tokyo,35.5216,140.3209
Numata,沼田市,47787,city,38.6,yuzawa--nagano#highland,0.0,yuzawa,nagano,36.6441,139.0429
Ena,恵那市,47774,city,56.1,toyohashi--nagoya#pacific,71.6,toyohashi,nagoya,35.4493,137.4127
Maniwa,真庭市,47765,city,44.7,okayama--fukuyama,11.8,okayama,fukuyama,35.0757,133.7532
Hioki,日置市,47153,city,47.7,kanoya--nejime,6.3,kanoya,nejime,31.6337,130.4024
Nankoku,南国市,46664,city,79.3,onomichi--imabari,57.6,onomichi,imabari,33.5755,133.6413
Tateyama,館山市,46471,city,45.8,kamakura--odawara#pacific,3.1,kamakura,odawara,34.9965,139.87
Kikuchi,菊池市,46416,city,69.9,beppu--usuki,2.5,beppu,usuki,32.9798,130.8132
Noboribetsu,登別市,46391,city,58.6,kutchan--suttsu,12.9,kutchan,suttsu,42.4128,141.1065
Minamiawaji,南あわじ市,45779,city,32.8,wakayama--osaka#pacific,8.2,wakayama,osaka,34.2946,134.7798
Kasuya,粕屋町,45360,town,46.1,moji--nakatsu,13.5,moji,nakatsu,33.6108,130.4804
Shime,志免町,45256,town,46.9,moji--nakatsu,33.1,moji,nakatsu,33.5914,130.4798
Sakura,さくら市,44901,city,55.7,mito--tsukuba#pacific,15.6,mito,tsukuba,36.6853,139.9669
Kitakata,喜多方市,44760,city,61.5,murakami--niigata,23.0,murakami,niigata,37.6508,139.8749
Futtsu,富津市,44449,city,25.4,tokyo--kamakura#pacific,36.6,tokyo,kamakura,35.3039,139.857
Ina,伊奈町,44442,town,28.7,tsukuba--tokyo#pacific,40.4,tsukuba,tokyo,36.0001,139.6241
Kobayashi,小林市,43670,city,39.1,miyazaki--nichinan,17.3,miyazaki,nichinan,31.9967,130.9731
Gujo,郡上市,43504,city,64.8,toyohashi--nagoya#pacific,75.6,toyohashi,nagoya,35.7484,136.9643
Yuzawa,湯沢市,42091,city,46.2,akita--nikaho,48.2,akita,nikaho,39.1643,140.4957
Komoro,小諸市,41693,city,33.4,nagano--matsumoto#highland,26.2,nagano,matsumoto,36.3273,138.426
Oizumi,大泉町,41202,town,61.3,tsukuba--tokyo#pacific,40.4,tsukuba,tokyo,36.2477,139.4054
Kikuyo,菊陽町,40984,town,71.8,saiki--nobeoka#shikoku-south,53.5,saiki,nobeoka,32.8626,130.8284
Tamba-Sasayama,丹波篠山市,40708,city,38.5,osaka--kobe,18.9,osaka,kobe,35.0758,135.2193
Mizunami,瑞浪市,40030,city,38.9,toyohashi--nagoya#pacific,71.6,toyohashi,nagoya,35.362,137.2542
Mibu,壬生町,39951,town,46.3,mito--tsukuba#pacific,49.5,mito,tsukuba,36.4274,139.8047
Takikawa,滝川市,39490,city,41.2,mashike--atsuta,79.5,mashike,atsuta,43.5578,141.9104
Yoshinogawa,吉野川市,38772,city,67.9,shirahama--wakayama#pacific,83.6,shirahama,wakayama,34.0663,134.3585
Miyoshi,三芳町,38456,town,26.7,tsukuba--tokyo#pacific,68.3,tsukuba,tokyo,35.8281,139.5265
Umi,宇美町,37927,town,45.1,moji--nakatsu,33.1,moji,nakatsu,33.5677,130.5111
Minamiboso,南房総市,37765,city,40.3,kamakura--odawara#pacific,3.1,kamakura,odawara,35.0387,139.8371
Isumi,いすみ市,37442,city,69.3,tokyo--kamakura#pacific,23.4,tokyo,kamakura,35.2539,140.3849
Nishiwaki,西脇市,37297,city,31.6,kobe--himeji,50.5,kobe,himeji,35.0126,134.9963
Moroyama,毛呂山町,37275,town,49.5,tsukuba--tokyo#pacific,68.3,tsukuba,tokyo,35.9416,139.316
Tamamura,玉村町,36654,town,75.3,yuzawa--nagano#highland,0.0,yuzawa,nagano,36.3044,139.115
Komatsushima,小松島市,36149,city,47.9,shirahama--wakayama#pacific,83.3,shirahama,wakayama,34.0044,134.5907
Miyama,みやま市,35861,city,75.5,moji--nakatsu,37.7,moji,nakatsu,33.1524,130.4746
Kama,嘉麻市,35473,city,29.0,moji--nakatsu,33.1,moji,nakatsu,33.5632,130.7118
Tamura,田村市,35169,city,37.9,soma--iwaki#pacific,53.6,soma,iwaki,37.4406,140.5765
Sosa,匝瑳市,35040,city,54.4,tsukuba--tokyo#pacific,24.0,tsukuba,tokyo,35.7079,140.5645
Motosu,本巣市,34970,city,36.9,nagoya--ise#pacific,16.3,nagoya,ise,35.483,136.6781
Awa,阿波市,34713,city,70.1,himeji--okayama,79.4,himeji,okayama,34.1021,134.2976
Aizumi,藍住町,34626,town,56.1,shirahama--wakayama#pacific,83.6,shirahama,wakayama,34.1272,134.4915
Shinjo,新庄市,34432,city,30.9,yamagata--tsuruoka#crossover,77.2,yamagata,tsuruoka,38.7649,140.3021
Ono,大野市,34256,city,25.4,fukui--tsuruga,3.8,fukui,tsuruga,35.9797,136.4874
Yorii,寄居町,34081,town,69.1,tsukuba--tokyo#pacific,40.4,tsukuba,tokyo,36.1183,139.1928
Gojo,五條市,34054,city,30.4,wakayama--osaka#pacific,50.0,wakayama,osaka,34.3519,135.6936
Kamogawa,鴨川市,33932,city,54.2,tokyo--kamakura#pacific,57.3,tokyo,kamakura,35.1141,140.0987
Namegata,行方市,33914,city,28.8,mito--tsukuba#pacific,40.3,mito,tsukuba,35.9902,140.4889
Uda,宇陀市,33844,city,41.9,otsu--osaka,36.5,otsu,osaka,34.5282,135.9527
Shobara,庄原市,33633,city,47.7,okayama--fukuyama,58.5,okayama,fukuyama,34.8578,133.0167
Mashiki,益城町,33611,town,72.1,saiki--nobeoka#shikoku-south,53.5,saiki,nobeoka,32.7916,130.8164
Ozu,大津町,33452,town,68.6,saiki--nobeoka#shikoku-south,53.5,saiki,nobeoka,32.878,130.8686
Mizuho,瑞穂町,33194,town,38.3,tokyo--kamakura#pacific,9.7,tokyo,kamakura,35.7841,139.3457
Minamikyushu,南九州市,33080,city,32.4,kanoya--nejime,7.4,kanoya,nejime,31.3783,130.4417
Okawa,大川市,32988,city,76.8,moji--nakatsu,37.7,moji,nakatsu,33.2062,130.3836
Tawaramoto,田原本町,32893,town,27.9,wakayama--osaka#pacific,65.3,wakayama,osaka,34.5567,135.7946
Minamisatsuma,南さつま市,32887,city,43.6,kanoya--nejime,7.4,kanoya,nejime,31.4166,130.3233
Date,伊達市,32826,city,40.0,suttsu--oshamambe,33.9,suttsu,oshamambe,42.472,140.8647
Yaita,矢板市,32651,city,68.4,iwaki--mito#pacific,91.7,iwaki,mito,36.8067,139.9236
Shiwa,紫波町,32614,town,66.0,kamaishi--kesennuma#pacific,33.9,kamaishi,kesennuma,39.5545,141.1556
Nantan,南丹市,32540,city,31.5,otsu--osaka,23.7,otsu,osaka,35.1073,135.4707
Zentsuji,善通寺市,32451,city,45.0,okayama--fukuyama,28.2,okayama,fukuyama,34.2272,133.7872
Gero,下呂市,32399,city,74.7,matsumoto--kofu#highland,11.3,matsumoto,kofu,35.8064,137.2433
Komagane,駒ヶ根市,32321,city,33.6,matsumoto--kofu#highland,53.5,matsumoto,kofu,35.7297,137.9389
Okagaki,岡垣町,31580,town,25.7,moji--nakatsu,10.8,moji,nakatsu,33.8535,130.6117
Sasaguri,篠栗町,31210,town,41.9,moji--nakatsu,13.5,moji,nakatsu,33.6239,130.5262
Ogawa,小川町,31178,town,60.7,tsukuba--tokyo#pacific,40.4,tsukuba,tokyo,36.0572,139.2628
Hitoyoshi,人吉市,31108,city,64.2,nobeoka--miyazaki,71.7,nobeoka,miyazaki,32.2057,130.7601
Kaminokawa,上三川町,31046,town,41.1,mito--tsukuba#pacific,26.5,mito,tsukuba,36.4391,139.9106
Kanzaki,神埼市,31022,city,70.2,moji--nakatsu,33.1,moji,nakatsu,33.3116,130.3719
Niimi,新見市,30658,city,41.1,okayama--fukuyama,34.6,okayama,fukuyama,34.9776,133.4704
Kamisato,上里町,30565,town,80.0,tsukuba--tokyo#pacific,40.4,tsukuba,tokyo,36.2516,139.1453
Nanyo,南陽市,30420,city,26.9,sendai--yamagata#crossover,73.8,sendai,yamagata,38.0551,140.1481
Shingū,新宮町,30344,town,43.5,moji--nakatsu,12.4,moji,nakatsu,33.7153,130.4465
Motomiya,本宮市,30236,city,55.4,soma--iwaki#pacific,53.5,soma,iwaki,37.5131,140.394
Kitaakita,北秋田市,30198,city,29.5,noshiro--akita,9.6,noshiro,akita,40.2259,140.3709
Higashi-Kagawa,東かがわ市,30046,city,58.9,himeji--okayama,77.0,himeji,okayama,34.2437,134.3587
